interno,est_off,linea,Field₃,estacion,latitude,longitude,geom_wgs84
10113,PLAZA DE MAYO,A,Plaza de Mayo/A,Plaza de Mayo,-34.608807,-58.37095,0101000020E6100000C139234A7B2F4DC0B6494563ED4D41C0
10114,PLAZA DE MAYO,A,Plaza de Mayo/A,Plaza de Mayo,-34.608807,-58.37095,0101000020E6100000C139234A7B2F4DC0B6494563ED4D41C0
10201,PERU,A,Peru/A,Perú,-34.60855,-58.37427,0101000020E6100000C139234A7B2F4DC0B6494563ED4D41C0
10202,PERU,A,Peru/A,Perú,-34.60855,-58.37427,0101000020E6100000C139234A7B2F4DC0B6494563ED4D41C0
10203,PERU,A,Peru/A,Perú,-34.60855,-58.37427,0101000020E6100000C139234A7B2F4DC0B6494563ED4D41C0
10204,PERU,A,Peru/A,Perú,-34.60855,-58.37427,0101000020E6100000C139234A7B2F4DC0B6494563ED4D41C0
10205,PERU,A,Peru/A,Perú,-34.60855,-58.37427,0101000020E6100000C139234A7B2F4DC0B6494563ED4D41C0
10209,PERU,A,Peru/A,Perú,-34.60855,-58.37427,0101000020E6100000C139234A7B2F4DC0B6494563ED4D41C0
10211,PERU,A,Peru/A,Perú,-34.60855,-58.37427,0101000020E6100000C139234A7B2F4DC0B6494563ED4D41C0
10212,PERU,A,Peru/A,Perú,-34.60855,-58.37427,0101000020E6100000C139234A7B2F4DC0B6494563ED4D41C0
10219,PERU,A,Peru/A,Perú,-34.60855,-58.37427,0101000020E6100000C139234A7B2F4DC0B6494563ED4D41C0
10301,PIEDRAS,A,Piedras/A,Piedras,-34.608876,-58.379099,0101000020E6100000C139234A7B2F4DC0B6494563ED4D41C0
70801,VENEZUELA,H,Venezuela/H,Venezuela,-34.615092,-58.404776,0101000020E6100000C139234A7B2F4DC0B6494563ED4D41C0
70802,VENEZUELA,H,Venezuela/H,Venezuela,-34.615092,-58.404776,0101000020E6100000C139234A7B2F4DC0B6494563ED4D41C0
70811,VENEZUELA,H,Venezuela/H,Venezuela,-34.615092,-58.404776,0101000020E6100000C139234A7B2F4DC0B6494563ED4D41C0
10302,PIEDRAS,A,Piedras/A,Piedras,-34.608876,-58.379099,0101000020E6100000C139234A7B2F4DC0B6494563ED4D41C0
10303,PIEDRAS,A,Piedras/A,Piedras,-34.608876,-58.379099,0101000020E6100000C139234A7B2F4DC0B6494563ED4D41C0
10311,PIEDRAS,A,Piedras/A,Piedras,-34.608876,-58.379099,0101000020E6100000C139234A7B2F4DC0B6494563ED4D41C0
10312,PIEDRAS,A,Piedras/A,Piedras,-34.608876,-58.379099,0101000020E6100000C139234A7B2F4DC0B6494563ED4D41C0
10401,LIMA,A,Lima/A,Lima,-34.609087,-58.382242,0101000020E6100000C139234A7B2F4DC0B6494563ED4D41C0
10402,LIMA,A,Lima/A,Lima,-34.609087,-58.382242,0101000020E6100000C139234A7B2F4DC0B6494563ED4D41C0
10403,LIMA,A,Lima/A,Lima,-34.609087,-58.382242,0101000020E6100000C139234A7B2F4DC0B6494563ED4D41C0
10411,LIMA,A,Lima/A,Lima,-34.609087,-58.382242,0101000020E6100000C139234A7B2F4DC0B6494563ED4D41C0
10412,LIMA,A,Lima/A,Lima,-34.609087,-58.382242,0101000020E6100000C139234A7B2F4DC0B6494563ED4D41C0
10501,SAENZ PE¥A,A,Saenz Pe¤a/A,Saenz Peña,-34.609412,-58.386784,0101000020E6100000C139234A7B2F4DC0B6494563ED4D41C0
10502,SAENZ PE¥A,A,Saenz Pe¤a/A,Saenz Peña,-34.609412,-58.386784,0101000020E6100000C139234A7B2F4DC0B6494563ED4D41C0
10503,SAENZ PE¥A,A,Saenz Pe¤a/A,Saenz Peña,-34.609412,-58.386784,0101000020E6100000C139234A7B2F4DC0B6494563ED4D41C0
10511,SAENZ PE¥A,A,Saenz Pe¤a/A,Saenz Peña,-34.609412,-58.386784,0101000020E6100000C139234A7B2F4DC0B6494563ED4D41C0
10512,SAENZ PE¥A,A,Saenz Pe¤a/A,Saenz Peña,-34.609412,-58.386784,0101000020E6100000C139234A7B2F4DC0B6494563ED4D41C0
10601,CONGRESO,A,Congreso/A,Congreso,-34.609216,-58.392692,0101000020E6100000C139234A7B2F4DC0B6494563ED4D41C0
10602,CONGRESO,A,Congreso/A,Congreso,-34.609216,-58.392692,0101000020E6100000C139234A7B2F4DC0B6494563ED4D41C0
10603,CONGRESO,A,Congreso/A,Congreso,-34.609216,-58.392692,0101000020E6100000C139234A7B2F4DC0B6494563ED4D41C0
10609,CONGRESO,A,Congreso/A,Congreso,-34.609216,-58.392692,0101000020E6100000C139234A7B2F4DC0B6494563ED4D41C0
10611,CONGRESO,A,Congreso/A,Congreso,-34.609216,-58.392692,0101000020E6100000C139234A7B2F4DC0B6494563ED4D41C0
10612,CONGRESO,A,Congreso/A,Congreso,-34.609216,-58.392692,0101000020E6100000C139234A7B2F4DC0B6494563ED4D41C0
10613,CONGRESO,A,Congreso/A,Congreso,-34.609216,-58.392692,0101000020E6100000C139234A7B2F4DC0B6494563ED4D41C0
10619,CONGRESO,A,Congreso/A,Congreso,-34.609216,-58.392692,0101000020E6100000C139234A7B2F4DC0B6494563ED4D41C0
10701,PASCO,A,Pasco/A,Pasco,-34.609646,-58.398438,0101000020E6100000C139234A7B2F4DC0B6494563ED4D41C0
10702,PASCO,A,Pasco/A,Pasco,-34.609646,-58.398438,0101000020E6100000C139234A7B2F4DC0B6494563ED4D41C0
10703,PASCO,A,Pasco/A,Pasco,-34.609646,-58.398438,0101000020E6100000C139234A7B2F4DC0B6494563ED4D41C0
10801,ALBERTI,A,Alberti/A,Alberti,-34.609828,-58.401203,0101000020E6100000C139234A7B2F4DC0B6494563ED4D41C0
10802,ALBERTI,A,Alberti/A,Alberti,-34.609828,-58.401203,0101000020E6100000C139234A7B2F4DC0B6494563ED4D41C0
10803,ALBERTI,A,Alberti/A,Alberti,-34.609828,-58.401203,0101000020E6100000C139234A7B2F4DC0B6494563ED4D41C0
10901,PLAZA DE MISERERE,A,Plaza de Miserere/A,Miserere,-34.609802,-58.406698,0101000020E6100000C139234A7B2F4DC0B6494563ED4D41C0
10902,PLAZA DE MISERERE,A,Plaza de Miserere/A,Miserere,-34.609802,-58.406698,0101000020E6100000C139234A7B2F4DC0B6494563ED4D41C0
10903,PLAZA DE MISERERE,A,Plaza de Miserere/A,Miserere,-34.609802,-58.406698,0101000020E6100000C139234A7B2F4DC0B6494563ED4D41C0
10911,PLAZA DE MISERERE,A,Plaza de Miserere/A,Miserere,-34.609802,-58.406698,0101000020E6100000C139234A7B2F4DC0B6494563ED4D41C0
10912,PLAZA DE MISERERE,A,Plaza de Miserere/A,Miserere,-34.609802,-58.406698,0101000020E6100000C139234A7B2F4DC0B6494563ED4D41C0
10913,PLAZA DE MISERERE,A,Plaza de Miserere/A,Miserere,-34.609802,-58.406698,0101000020E6100000C139234A7B2F4DC0B6494563ED4D41C0
10914,PLAZA DE MISERERE,A,Plaza de Miserere/A,Miserere,-34.609802,-58.406698,0101000020E6100000C139234A7B2F4DC0B6494563ED4D41C0
10931,PLAZA DE MISERERE,A,Plaza de Miserere/A,Miserere,-34.609802,-58.406698,0101000020E6100000C139234A7B2F4DC0B6494563ED4D41C0
10932,PLAZA DE MISERERE,A,Plaza de Miserere/A,Miserere,-34.609802,-58.406698,0101000020E6100000C139234A7B2F4DC0B6494563ED4D41C0
10933,PLAZA DE MISERERE,A,Plaza de Miserere/A,Miserere,-34.609802,-58.406698,0101000020E6100000C139234A7B2F4DC0B6494563ED4D41C0
10934,PLAZA DE MISERERE,A,Plaza de Miserere/A,Miserere,-34.609802,-58.406698,0101000020E6100000C139234A7B2F4DC0B6494563ED4D41C0
10935,PLAZA DE MISERERE,A,Plaza de Miserere/A,Miserere,-34.609802,-58.406698,0101000020E6100000C139234A7B2F4DC0B6494563ED4D41C0
10936,PLAZA DE MISERERE,A,Plaza de Miserere/A,Miserere,-34.609802,-58.406698,0101000020E6100000C139234A7B2F4DC0B6494563ED4D41C0
11001,LORIA,A,Loria/A,Loria,-34.610801,-58.415163,0101000020E6100000C139234A7B2F4DC0B6494563ED4D41C0
11002,LORIA,A,Loria/A,Loria,-34.610801,-58.415163,0101000020E6100000C139234A7B2F4DC0B6494563ED4D41C0
11011,LORIA,A,Loria/A,Loria,-34.610801,-58.415163,0101000020E6100000C139234A7B2F4DC0B6494563ED4D41C0
11012,LORIA,A,Loria/A,Loria,-34.610801,-58.415163,0101000020E6100000C139234A7B2F4DC0B6494563ED4D41C0
11013,LORIA,A,Loria/A,Loria,-34.610801,-58.415163,0101000020E6100000C139234A7B2F4DC0B6494563ED4D41C0
11019,LORIA,A,Loria/A,Loria,-34.610801,-58.415163,0101000020E6100000C139234A7B2F4DC0B6494563ED4D41C0
11101,CASTRO BARROS,A,Castro Barros/A,Castro Barros,-34.611789,-58.421816,0101000020E6100000C139234A7B2F4DC0B6494563ED4D41C0
11102,CASTRO BARROS,A,Castro Barros/A,Castro Barros,-34.611789,-58.421816,0101000020E6100000C139234A7B2F4DC0B6494563ED4D41C0
11109,CASTRO BARROS,A,Castro Barros/A,Castro Barros,-34.611789,-58.421816,0101000020E6100000C139234A7B2F4DC0B6494563ED4D41C0
11111,CASTRO BARROS,A,Castro Barros/A,Castro Barros,-34.611789,-58.421816,0101000020E6100000C139234A7B2F4DC0B6494563ED4D41C0
11112,CASTRO BARROS,A,Castro Barros/A,Castro Barros,-34.611789,-58.421816,0101000020E6100000C139234A7B2F4DC0B6494563ED4D41C0
11113,CASTRO BARROS,A,Castro Barros/A,Castro Barros,-34.611789,-58.421816,0101000020E6100000C139234A7B2F4DC0B6494563ED4D41C0
11119,CASTRO BARROS,A,Castro Barros/A,Castro Barros,-34.611789,-58.421816,0101000020E6100000C139234A7B2F4DC0B6494563ED4D41C0
11201,RIO DE JANEIRO,A,Rio de Janeiro/A,Río Janeiro,-34.615206,-58.4295,0101000020E6100000C139234A7B2F4DC0B6494563ED4D41C0
11202,RIO DE JANEIRO,A,Rio de Janeiro/A,Río Janeiro,-34.615206,-58.4295,0101000020E6100000C139234A7B2F4DC0B6494563ED4D41C0
11211,RIO DE JANEIRO,A,Rio de Janeiro/A,Río Janeiro,-34.615206,-58.4295,0101000020E6100000C139234A7B2F4DC0B6494563ED4D41C0
11212,RIO DE JANEIRO,A,Rio de Janeiro/A,Río Janeiro,-34.615206,-58.4295,0101000020E6100000C139234A7B2F4DC0B6494563ED4D41C0
11213,RIO DE JANEIRO,A,Rio de Janeiro/A,Río Janeiro,-34.615206,-58.4295,0101000020E6100000C139234A7B2F4DC0B6494563ED4D41C0
11301,ACOYTE,A,Acoyte/A,Acoyte,-34.61828,-58.436429,0101000020E6100000C139234A7B2F4DC0B6494563ED4D41C0
11302,ACOYTE,A,Acoyte/A,Acoyte,-34.61828,-58.436429,0101000020E6100000C139234A7B2F4DC0B6494563ED4D41C0
11309,ACOYTE,A,Acoyte/A,Acoyte,-34.61828,-58.436429,0101000020E6100000C139234A7B2F4DC0B6494563ED4D41C0
11311,ACOYTE,A,Acoyte/A,Acoyte,-34.61828,-58.436429,0101000020E6100000C139234A7B2F4DC0B6494563ED4D41C0
11312,ACOYTE,A,Acoyte/A,Acoyte,-34.61828,-58.436429,0101000020E6100000C139234A7B2F4DC0B6494563ED4D41C0
11313,ACOYTE,A,Acoyte/A,Acoyte,-34.61828,-58.436429,0101000020E6100000C139234A7B2F4DC0B6494563ED4D41C0
11314,ACOYTE,A,Acoyte/A,Acoyte,-34.61828,-58.436429,0101000020E6100000C139234A7B2F4DC0B6494563ED4D41C0
11315,ACOYTE,A,Acoyte/A,Acoyte,-34.61828,-58.436429,0101000020E6100000C139234A7B2F4DC0B6494563ED4D41C0
11316,ACOYTE,A,Acoyte/A,Acoyte,-34.61828,-58.436429,0101000020E6100000C139234A7B2F4DC0B6494563ED4D41C0
11319,ACOYTE,A,Acoyte/A,Acoyte,-34.61828,-58.436429,0101000020E6100000C139234A7B2F4DC0B6494563ED4D41C0
11401,PRIMERA JUNTA,A,Primera Junta/A,Primera Junta,-34.620386,-58.441201,0101000020E6100000C139234A7B2F4DC0B6494563ED4D41C0
11402,PRIMERA JUNTA,A,Primera Junta/A,Primera Junta,-34.620386,-58.441201,0101000020E6100000C139234A7B2F4DC0B6494563ED4D41C0
11403,PRIMERA JUNTA,A,Primera Junta/A,Primera Junta,-34.620386,-58.441201,0101000020E6100000C139234A7B2F4DC0B6494563ED4D41C0
11404,PRIMERA JUNTA,A,Primera Junta/A,Primera Junta,-34.620386,-58.441201,0101000020E6100000C139234A7B2F4DC0B6494563ED4D41C0
11405,PRIMERA JUNTA,A,Primera Junta/A,Primera Junta,-34.620386,-58.441201,0101000020E6100000C139234A7B2F4DC0B6494563ED4D41C0
11411,PRIMERA JUNTA,A,Primera Junta/A,Primera Junta,-34.620386,-58.441201,0101000020E6100000C139234A7B2F4DC0B6494563ED4D41C0
11412,PRIMERA JUNTA,A,Primera Junta/A,Primera Junta,-34.620386,-58.441201,0101000020E6100000C139234A7B2F4DC0B6494563ED4D41C0
11413,PRIMERA JUNTA,A,Primera Junta/A,Primera Junta,-34.620386,-58.441201,0101000020E6100000C139234A7B2F4DC0B6494563ED4D41C0
11501,PUAN,A,Puan/A,Puán,-34.62353,-58.448671,0101000020E6100000C139234A7B2F4DC0B6494563ED4D41C0
11502,PUAN,A,Puan/A,Puán,-34.62353,-58.448671,0101000020E6100000C139234A7B2F4DC0B6494563ED4D41C0
11511,PUAN,A,Puan/A,Puán,-34.62353,-58.448671,0101000020E6100000C139234A7B2F4DC0B6494563ED4D41C0
11512,PUAN,A,Puan/A,Puán,-34.62353,-58.448671,0101000020E6100000C139234A7B2F4DC0B6494563ED4D41C0
11601,CARABOBO,A,Carabobo/A,Carabobo,-34.626673,-58.456703,0101000020E6100000C139234A7B2F4DC0B6494563ED4D41C0
11602,CARABOBO,A,Carabobo/A,Carabobo,-34.626673,-58.456703,0101000020E6100000C139234A7B2F4DC0B6494563ED4D41C0
11603,CARABOBO,A,Carabobo/A,Carabobo,-34.626673,-58.456703,0101000020E6100000C139234A7B2F4DC0B6494563ED4D41C0
11604,CARABOBO,A,Carabobo/A,Carabobo,-34.626673,-58.456703,0101000020E6100000C139234A7B2F4DC0B6494563ED4D41C0
11611,CARABOBO,A,Carabobo/A,Carabobo,-34.626673,-58.456703,0101000020E6100000C139234A7B2F4DC0B6494563ED4D41C0
11612,CARABOBO,A,Carabobo/A,Carabobo,-34.626673,-58.456703,0101000020E6100000C139234A7B2F4DC0B6494563ED4D41C0
11613,CARABOBO,A,Carabobo/A,Carabobo,-34.626673,-58.456703,0101000020E6100000C139234A7B2F4DC0B6494563ED4D41C0
11614,CARABOBO,A,Carabobo/A,Carabobo,-34.626673,-58.456703,0101000020E6100000C139234A7B2F4DC0B6494563ED4D41C0
11801,SAN JOSE DE FLORES,A,San Jose de Flores/A,Flores,-34.628892,-58.463708,0101000020E6100000C139234A7B2F4DC0B6494563ED4D41C0
11802,SAN JOSE DE FLORES,A,San Jose de Flores/A,Flores,-34.628892,-58.463708,0101000020E6100000C139234A7B2F4DC0B6494563ED4D41C0
11803,SAN JOSE DE FLORES,A,San Jose de Flores/A,Flores,-34.628892,-58.463708,0101000020E6100000C139234A7B2F4DC0B6494563ED4D41C0
11811,SAN JOSE DE FLORES,A,San Jose de Flores/A,Flores,-34.628892,-58.463708,0101000020E6100000C139234A7B2F4DC0B6494563ED4D41C0
11812,SAN JOSE DE FLORES,A,San Jose de Flores/A,Flores,-34.628892,-58.463708,0101000020E6100000C139234A7B2F4DC0B6494563ED4D41C0
11813,SAN JOSE DE FLORES,A,San Jose de Flores/A,Flores,-34.628892,-58.463708,0101000020E6100000C139234A7B2F4DC0B6494563ED4D41C0
11814,SAN JOSE DE FLORES,A,San Jose de Flores/A,Flores,-34.628892,-58.463708,0101000020E6100000C139234A7B2F4DC0B6494563ED4D41C0
11701,SAN PEDRITO,A,San pedrito/A,Pedrito,-34.631002,-58.471456,0101000020E6100000C139234A7B2F4DC0B6494563ED4D41C0
11702,SAN PEDRITO,A,San pedrito/A,Pedrito,-34.631002,-58.471456,0101000020E6100000C139234A7B2F4DC0B6494563ED4D41C0
11703,SAN PEDRITO,A,San pedrito/A,Pedrito,-34.631002,-58.471456,0101000020E6100000C139234A7B2F4DC0B6494563ED4D41C0
11704,SAN PEDRITO,A,San pedrito/A,Pedrito,-34.631002,-58.471456,0101000020E6100000C139234A7B2F4DC0B6494563ED4D41C0
11705,SAN PEDRITO,A,San pedrito/A,Pedrito,-34.631002,-58.471456,0101000020E6100000C139234A7B2F4DC0B6494563ED4D41C0
11711,SAN PEDRITO,A,San pedrito/A,Pedrito,-34.631002,-58.471456,0101000020E6100000C139234A7B2F4DC0B6494563ED4D41C0
11712,SAN PEDRITO,A,San pedrito/A,Pedrito,-34.631002,-58.471456,0101000020E6100000C139234A7B2F4DC0B6494563ED4D41C0
11713,SAN PEDRITO,A,San pedrito/A,Pedrito,-34.631002,-58.471456,0101000020E6100000C139234A7B2F4DC0B6494563ED4D41C0
11714,SAN PEDRITO,A,San pedrito/A,Pedrito,-34.631002,-58.471456,0101000020E6100000C139234A7B2F4DC0B6494563ED4D41C0
11715,SAN PEDRITO,A,San pedrito/A,Pedrito,-34.631002,-58.471456,0101000020E6100000C139234A7B2F4DC0B6494563ED4D41C0
11716,SAN PEDRITO,A,San pedrito/A,Pedrito,-34.631002,-58.471456,0101000020E6100000C139234A7B2F4DC0B6494563ED4D41C0
20101,LEANDRO N. ALEM,B,Leandro N. Alem/B,Alem,-34.602989,-58.369929,0101000020E6100000C139234A7B2F4DC0B6494563ED4D41C0
20102,LEANDRO N. ALEM,B,Leandro N. Alem/B,Alem,-34.602989,-58.369929,0101000020E6100000C139234A7B2F4DC0B6494563ED4D41C0
20103,LEANDRO N. ALEM,B,Leandro N. Alem/B,Alem,-34.602989,-58.369929,0101000020E6100000C139234A7B2F4DC0B6494563ED4D41C0
20104,LEANDRO N. ALEM,B,Leandro N. Alem/B,Alem,-34.602989,-58.369929,0101000020E6100000C139234A7B2F4DC0B6494563ED4D41C0
20111,LEANDRO N. ALEM,B,Leandro N. Alem/B,Alem,-34.602989,-58.369929,0101000020E6100000C139234A7B2F4DC0B6494563ED4D41C0
20112,LEANDRO N. ALEM,B,Leandro N. Alem/B,Alem,-34.602989,-58.369929,0101000020E6100000C139234A7B2F4DC0B6494563ED4D41C0
20113,LEANDRO N. ALEM,B,Leandro N. Alem/B,Alem,-34.602989,-58.369929,0101000020E6100000C139234A7B2F4DC0B6494563ED4D41C0
20201,FLORIDA,B,Florida/B,Florida,-34.603308,-58.375049,0101000020E6100000C139234A7B2F4DC0B6494563ED4D41C0
20202,FLORIDA,B,Florida/B,Florida,-34.603308,-58.375049,0101000020E6100000C139234A7B2F4DC0B6494563ED4D41C0
20203,FLORIDA,B,Florida/B,Florida,-34.603308,-58.375049,0101000020E6100000C139234A7B2F4DC0B6494563ED4D41C0
20211,FLORIDA,B,Florida/B,Florida,-34.603308,-58.375049,0101000020E6100000C139234A7B2F4DC0B6494563ED4D41C0
20212,FLORIDA,B,Florida/B,Florida,-34.603308,-58.375049,0101000020E6100000C139234A7B2F4DC0B6494563ED4D41C0
20213,FLORIDA,B,Florida/B,Florida,-34.603308,-58.375049,0101000020E6100000C139234A7B2F4DC0B6494563ED4D41C0
20214,FLORIDA,B,Florida/B,Florida,-34.603308,-58.375049,0101000020E6100000C139234A7B2F4DC0B6494563ED4D41C0
20215,FLORIDA,B,Florida/B,Florida,-34.603308,-58.375049,0101000020E6100000C139234A7B2F4DC0B6494563ED4D41C0
20301,C. PELLEGRINI,B,C. Pellegrini/B,Pellegrini,-34.603634,-58.380723,0101000020E6100000C139234A7B2F4DC0B6494563ED4D41C0
20302,C. PELLEGRINI,B,C. Pellegrini/B,Pellegrini,-34.603634,-58.380723,0101000020E6100000C139234A7B2F4DC0B6494563ED4D41C0
20303,C. PELLEGRINI,B,C. Pellegrini/B,Pellegrini,-34.603634,-58.380723,0101000020E6100000C139234A7B2F4DC0B6494563ED4D41C0
20304,C. PELLEGRINI,B,C. Pellegrini/B,Pellegrini,-34.603634,-58.380723,0101000020E6100000C139234A7B2F4DC0B6494563ED4D41C0
20305,C. PELLEGRINI,B,C. Pellegrini/B,Pellegrini,-34.603634,-58.380723,0101000020E6100000C139234A7B2F4DC0B6494563ED4D41C0
20306,C. PELLEGRINI,B,C. Pellegrini/B,Pellegrini,-34.603634,-58.380723,0101000020E6100000C139234A7B2F4DC0B6494563ED4D41C0
20307,C. PELLEGRINI,B,C. Pellegrini/B,Pellegrini,-34.603634,-58.380723,0101000020E6100000C139234A7B2F4DC0B6494563ED4D41C0
20311,C. PELLEGRINI,B,C. Pellegrini/B,Pellegrini,-34.603634,-58.380723,0101000020E6100000C139234A7B2F4DC0B6494563ED4D41C0
20312,C. PELLEGRINI,B,C. Pellegrini/B,Pellegrini,-34.603634,-58.380723,0101000020E6100000C139234A7B2F4DC0B6494563ED4D41C0
20401,URUGUAY,B,Uruguay/B,Uruguay,-34.604095,-58.387295,0101000020E6100000C139234A7B2F4DC0B6494563ED4D41C0
20402,URUGUAY,B,Uruguay/B,Uruguay,-34.604095,-58.387295,0101000020E6100000C139234A7B2F4DC0B6494563ED4D41C0
20403,URUGUAY,B,Uruguay/B,Uruguay,-34.604095,-58.387295,0101000020E6100000C139234A7B2F4DC0B6494563ED4D41C0
20404,URUGUAY,B,Uruguay/B,Uruguay,-34.604095,-58.387295,0101000020E6100000C139234A7B2F4DC0B6494563ED4D41C0
20409,URUGUAY,B,Uruguay/B,Uruguay,-34.604095,-58.387295,0101000020E6100000C139234A7B2F4DC0B6494563ED4D41C0
20411,URUGUAY,B,Uruguay/B,Uruguay,-34.604095,-58.387295,0101000020E6100000C139234A7B2F4DC0B6494563ED4D41C0
20412,URUGUAY,B,Uruguay/B,Uruguay,-34.604095,-58.387295,0101000020E6100000C139234A7B2F4DC0B6494563ED4D41C0
20413,URUGUAY,B,Uruguay/B,Uruguay,-34.604095,-58.387295,0101000020E6100000C139234A7B2F4DC0B6494563ED4D41C0
20419,URUGUAY,B,Uruguay/B,Uruguay,-34.604095,-58.387295,0101000020E6100000C139234A7B2F4DC0B6494563ED4D41C0
20501,CALLAO,B,Callao/B,Callao,-34.604421,-58.392319,0101000020E6100000C139234A7B2F4DC0B6494563ED4D41C0
20502,CALLAO,B,Callao/B,Callao,-34.604421,-58.392319,0101000020E6100000C139234A7B2F4DC0B6494563ED4D41C0
20503,CALLAO,B,Callao/B,Callao,-34.604421,-58.392319,0101000020E6100000C139234A7B2F4DC0B6494563ED4D41C0
20511,CALLAO,B,Callao/B,Callao,-34.604421,-58.392319,0101000020E6100000C139234A7B2F4DC0B6494563ED4D41C0
20512,CALLAO,B,Callao/B,Callao,-34.604421,-58.392319,0101000020E6100000C139234A7B2F4DC0B6494563ED4D41C0
20513,CALLAO,B,Callao/B,Callao,-34.604421,-58.392319,0101000020E6100000C139234A7B2F4DC0B6494563ED4D41C0
20601,PASTEUR,B,Pasteur/B,Pasteur,-34.60463,-58.399467,0101000020E6100000C139234A7B2F4DC0B6494563ED4D41C0
20602,PASTEUR,B,Pasteur/B,Pasteur,-34.60463,-58.399467,0101000020E6100000C139234A7B2F4DC0B6494563ED4D41C0
20603,PASTEUR,B,Pasteur/B,Pasteur,-34.60463,-58.399467,0101000020E6100000C139234A7B2F4DC0B6494563ED4D41C0
20611,PASTEUR,B,Pasteur/B,Pasteur,-34.60463,-58.399467,0101000020E6100000C139234A7B2F4DC0B6494563ED4D41C0
20612,PASTEUR,B,Pasteur/B,Pasteur,-34.60463,-58.399467,0101000020E6100000C139234A7B2F4DC0B6494563ED4D41C0
20613,PASTEUR,B,Pasteur/B,Pasteur,-34.60463,-58.399467,0101000020E6100000C139234A7B2F4DC0B6494563ED4D41C0
20701,PUEYRREDON,B,Pueyrredon/B,Pueyrredon,-34.604577,-58.405393,0101000020E6100000C139234A7B2F4DC0B6494563ED4D41C0
20702,PUEYRREDON,B,Pueyrredon/B,Pueyrredon,-34.604577,-58.405393,0101000020E6100000C139234A7B2F4DC0B6494563ED4D41C0
20703,PUEYRREDON,B,Pueyrredon/B,Pueyrredon,-34.604577,-58.405393,0101000020E6100000C139234A7B2F4DC0B6494563ED4D41C0
20704,PUEYRREDON,B,Pueyrredon/B,Pueyrredon,-34.604577,-58.405393,0101000020E6100000C139234A7B2F4DC0B6494563ED4D41C0
20711,PUEYRREDON,B,Pueyrredon/B,Pueyrredon,-34.604577,-58.405393,0101000020E6100000C139234A7B2F4DC0B6494563ED4D41C0
20712,PUEYRREDON,B,Pueyrredon/B,Pueyrredon,-34.604577,-58.405393,0101000020E6100000C139234A7B2F4DC0B6494563ED4D41C0
20713,PUEYRREDON,B,Pueyrredon/B,Pueyrredon,-34.604577,-58.405393,0101000020E6100000C139234A7B2F4DC0B6494563ED4D41C0
20714,PUEYRREDON,B,Pueyrredon/B,Pueyrredon,-34.604577,-58.405393,0101000020E6100000C139234A7B2F4DC0B6494563ED4D41C0
20801,CARLOS GARDEL,B,Carlos Gardel/B,Carlos Gardel,-34.604075,-58.41175,0101000020E6100000C139234A7B2F4DC0B6494563ED4D41C0
20802,CARLOS GARDEL,B,Carlos Gardel/B,Carlos Gardel,-34.604075,-58.41175,0101000020E6100000C139234A7B2F4DC0B6494563ED4D41C0
20803,CARLOS GARDEL,B,Carlos Gardel/B,Carlos Gardel,-34.604075,-58.41175,0101000020E6100000C139234A7B2F4DC0B6494563ED4D41C0
20811,CARLOS GARDEL,B,Carlos Gardel/B,Carlos Gardel,-34.604075,-58.41175,0101000020E6100000C139234A7B2F4DC0B6494563ED4D41C0
20812,CARLOS GARDEL,B,Carlos Gardel/B,Carlos Gardel,-34.604075,-58.41175,0101000020E6100000C139234A7B2F4DC0B6494563ED4D41C0
20813,CARLOS GARDEL,B,Carlos Gardel/B,Carlos Gardel,-34.604075,-58.41175,0101000020E6100000C139234A7B2F4DC0B6494563ED4D41C0
20901,MEDRANO,B,Medrano/B,Medrano,-34.603163,-58.420959,0101000020E6100000C139234A7B2F4DC0B6494563ED4D41C0
20902,MEDRANO,B,Medrano/B,Medrano,-34.603163,-58.420959,0101000020E6100000C139234A7B2F4DC0B6494563ED4D41C0
20911,MEDRANO,B,Medrano/B,Medrano,-34.603163,-58.420959,0101000020E6100000C139234A7B2F4DC0B6494563ED4D41C0
20912,MEDRANO,B,Medrano/B,Medrano,-34.603163,-58.420959,0101000020E6100000C139234A7B2F4DC0B6494563ED4D41C0
20913,MEDRANO,B,Medrano/B,Medrano,-34.603163,-58.420959,0101000020E6100000C139234A7B2F4DC0B6494563ED4D41C0
20914,MEDRANO,B,Medrano/B,Medrano,-34.603163,-58.420959,0101000020E6100000C139234A7B2F4DC0B6494563ED4D41C0
21001,ANGEL GALLARDO,B,Angel Gallardo/B,Gallardo,-34.602155,-58.431267,0101000020E6100000C139234A7B2F4DC0B6494563ED4D41C0
21002,ANGEL GALLARDO,B,Angel Gallardo/B,Gallardo,-34.602155,-58.431267,0101000020E6100000C139234A7B2F4DC0B6494563ED4D41C0
21011,ANGEL GALLARDO,B,Angel Gallardo/B,Gallardo,-34.602155,-58.431267,0101000020E6100000C139234A7B2F4DC0B6494563ED4D41C0
21012,ANGEL GALLARDO,B,Angel Gallardo/B,Gallardo,-34.602155,-58.431267,0101000020E6100000C139234A7B2F4DC0B6494563ED4D41C0
21013,ANGEL GALLARDO,B,Angel Gallardo/B,Gallardo,-34.602155,-58.431267,0101000020E6100000C139234A7B2F4DC0B6494563ED4D41C0
21014,ANGEL GALLARDO,B,Angel Gallardo/B,Gallardo,-34.602155,-58.431267,0101000020E6100000C139234A7B2F4DC0B6494563ED4D41C0
21101,MALABIA,B,Malabia/B,Malabia,-34.599663,-58.439045,0101000020E6100000C139234A7B2F4DC0B6494563ED4D41C0
21102,MALABIA,B,Malabia/B,Malabia,-34.599663,-58.439045,0101000020E6100000C139234A7B2F4DC0B6494563ED4D41C0
21111,MALABIA,B,Malabia/B,Malabia,-34.599663,-58.439045,0101000020E6100000C139234A7B2F4DC0B6494563ED4D41C0
21112,MALABIA,B,Malabia/B,Malabia,-34.599663,-58.439045,0101000020E6100000C139234A7B2F4DC0B6494563ED4D41C0
21113,MALABIA,B,Malabia/B,Malabia,-34.599663,-58.439045,0101000020E6100000C139234A7B2F4DC0B6494563ED4D41C0
21114,MALABIA,B,Malabia/B,Malabia,-34.599663,-58.439045,0101000020E6100000C139234A7B2F4DC0B6494563ED4D41C0
21115,MALABIA,B,Malabia/B,Malabia,-34.599663,-58.439045,0101000020E6100000C139234A7B2F4DC0B6494563ED4D41C0
21201,DORREGO,B,Dorrego/B,Dorrego,-34.591726,-58.447568,0101000020E6100000C139234A7B2F4DC0B6494563ED4D41C0
21202,DORREGO,B,Dorrego/B,Dorrego,-34.591726,-58.447568,0101000020E6100000C139234A7B2F4DC0B6494563ED4D41C0
21211,DORREGO,B,Dorrego/B,Dorrego,-34.591726,-58.447568,0101000020E6100000C139234A7B2F4DC0B6494563ED4D41C0
21212,DORREGO,B,Dorrego/B,Dorrego,-34.591726,-58.447568,0101000020E6100000C139234A7B2F4DC0B6494563ED4D41C0
21213,DORREGO,B,Dorrego/B,Dorrego,-34.591726,-58.447568,0101000020E6100000C139234A7B2F4DC0B6494563ED4D41C0
21214,DORREGO,B,Dorrego/B,Dorrego,-34.591726,-58.447568,0101000020E6100000C139234A7B2F4DC0B6494563ED4D41C0
21215,DORREGO,B,Dorrego/B,Dorrego,-34.591726,-58.447568,0101000020E6100000C139234A7B2F4DC0B6494563ED4D41C0
21216,DORREGO,B,Dorrego/B,Dorrego,-34.591726,-58.447568,0101000020E6100000C139234A7B2F4DC0B6494563ED4D41C0
21301,FEDERICO LACROZE,B,Federico Lacroze/B,Lacroze,-34.587198,-58.455032,0101000020E6100000C139234A7B2F4DC0B6494563ED4D41C0
21302,FEDERICO LACROZE,B,Federico Lacroze/B,Lacroze,-34.587198,-58.455032,0101000020E6100000C139234A7B2F4DC0B6494563ED4D41C0
21311,FEDERICO LACROZE,B,Federico Lacroze/B,Lacroze,-34.587198,-58.455032,0101000020E6100000C139234A7B2F4DC0B6494563ED4D41C0
21312,FEDERICO LACROZE,B,Federico Lacroze/B,Lacroze,-34.587198,-58.455032,0101000020E6100000C139234A7B2F4DC0B6494563ED4D41C0
21321,FEDERICO LACROZE,B,Federico Lacroze/B,Lacroze,-34.587198,-58.455032,0101000020E6100000C139234A7B2F4DC0B6494563ED4D41C0
21322,FEDERICO LACROZE,B,Federico Lacroze/B,Lacroze,-34.587198,-58.455032,0101000020E6100000C139234A7B2F4DC0B6494563ED4D41C0
21323,FEDERICO LACROZE,B,Federico Lacroze/B,Lacroze,-34.587198,-58.455032,0101000020E6100000C139234A7B2F4DC0B6494563ED4D41C0
21324,FEDERICO LACROZE,B,Federico Lacroze/B,Lacroze,-34.587198,-58.455032,0101000020E6100000C139234A7B2F4DC0B6494563ED4D41C0
21325,FEDERICO LACROZE,B,Federico Lacroze/B,Lacroze,-34.587198,-58.455032,0101000020E6100000C139234A7B2F4DC0B6494563ED4D41C0
21326,FEDERICO LACROZE,B,Federico Lacroze/B,Lacroze,-34.587198,-58.455032,0101000020E6100000C139234A7B2F4DC0B6494563ED4D41C0
21327,FEDERICO LACROZE,B,Federico Lacroze/B,Lacroze,-34.587198,-58.455032,0101000020E6100000C139234A7B2F4DC0B6494563ED4D41C0
21328,FEDERICO LACROZE,B,Federico Lacroze/B,Lacroze,-34.587198,-58.455032,0101000020E6100000C139234A7B2F4DC0B6494563ED4D41C0
21329,FEDERICO LACROZE,B,Federico Lacroze/B,Lacroze,-34.587198,-58.455032,0101000020E6100000C139234A7B2F4DC0B6494563ED4D41C0
21331,FEDERICO LACROZE,B,Federico Lacroze/B,Lacroze,-34.587198,-58.455032,0101000020E6100000C139234A7B2F4DC0B6494563ED4D41C0
21332,FEDERICO LACROZE,B,Federico Lacroze/B,Lacroze,-34.587198,-58.455032,0101000020E6100000C139234A7B2F4DC0B6494563ED4D41C0
21333,FEDERICO LACROZE,B,Federico Lacroze/B,Lacroze,-34.587198,-58.455032,0101000020E6100000C139234A7B2F4DC0B6494563ED4D41C0
21334,FEDERICO LACROZE,B,Federico Lacroze/B,Lacroze,-34.587198,-58.455032,0101000020E6100000C139234A7B2F4DC0B6494563ED4D41C0
21335,FEDERICO LACROZE,B,Federico Lacroze/B,Lacroze,-34.587198,-58.455032,0101000020E6100000C139234A7B2F4DC0B6494563ED4D41C0
21336,FEDERICO LACROZE,B,Federico Lacroze/B,Lacroze,-34.587198,-58.455032,0101000020E6100000C139234A7B2F4DC0B6494563ED4D41C0
21337,FEDERICO LACROZE,B,Federico Lacroze/B,Lacroze,-34.587198,-58.455032,0101000020E6100000C139234A7B2F4DC0B6494563ED4D41C0
21401,TRONADOR,B,Tronador/B,Tronador,-34.58409,-58.466186,0101000020E6100000C139234A7B2F4DC0B6494563ED4D41C0
21402,TRONADOR,B,Tronador/B,Tronador,-34.58409,-58.466186,0101000020E6100000C139234A7B2F4DC0B6494563ED4D41C0
21403,TRONADOR,B,Tronador/B,Tronador,-34.58409,-58.466186,0101000020E6100000C139234A7B2F4DC0B6494563ED4D41C0
21501,DE LOS INCAS,B,De los Incas/B,Los Incas,-34.581346,-58.474203,0101000020E6100000C139234A7B2F4DC0B6494563ED4D41C0
21502,DE LOS INCAS,B,De los Incas/B,Los Incas,-34.581346,-58.474203,0101000020E6100000C139234A7B2F4DC0B6494563ED4D41C0
21503,DE LOS INCAS,B,De los Incas/B,Los Incas,-34.581346,-58.474203,0101000020E6100000C139234A7B2F4DC0B6494563ED4D41C0
21504,DE LOS INCAS,B,De los Incas/B,Los Incas,-34.581346,-58.474203,0101000020E6100000C139234A7B2F4DC0B6494563ED4D41C0
21505,DE LOS INCAS,B,De los Incas/B,Los Incas,-34.581346,-58.474203,0101000020E6100000C139234A7B2F4DC0B6494563ED4D41C0
21506,DE LOS INCAS,B,De los Incas/B,Los Incas,-34.581346,-58.474203,0101000020E6100000C139234A7B2F4DC0B6494563ED4D41C0
21507,DE LOS INCAS,B,De los Incas/B,Los Incas,-34.581346,-58.474203,0101000020E6100000C139234A7B2F4DC0B6494563ED4D41C0
21601,ECHEVERRIA,B,Echeverria/B,Echeverria,-34.577509,-58.481536,0101000020E6100000C139234A7B2F4DC0B6494563ED4D41C0
21602,ECHEVERRIA,B,Echeverria/B,Echeverria,-34.577509,-58.481536,0101000020E6100000C139234A7B2F4DC0B6494563ED4D41C0
21603,ECHEVERRIA,B,Echeverria/B,Echeverria,-34.577509,-58.481536,0101000020E6100000C139234A7B2F4DC0B6494563ED4D41C0
21611,ECHEVERRIA,B,Echeverria/B,Echeverria,-34.577509,-58.481536,0101000020E6100000C139234A7B2F4DC0B6494563ED4D41C0
21612,ECHEVERRIA,B,Echeverria/B,Echeverria,-34.577509,-58.481536,0101000020E6100000C139234A7B2F4DC0B6494563ED4D41C0
21613,ECHEVERRIA,B,Echeverria/B,Echeverria,-34.577509,-58.481536,0101000020E6100000C139234A7B2F4DC0B6494563ED4D41C0
21701,J. M. DE ROSAS,B,J. M. de Rosas/B,Rosas,-34.573678,-58.487381,0101000020E6100000C139234A7B2F4DC0B6494563ED4D41C0
21702,J. M. DE ROSAS,B,J. M. de Rosas/B,Rosas,-34.573678,-58.487381,0101000020E6100000C139234A7B2F4DC0B6494563ED4D41C0
21703,J. M. DE ROSAS,B,J. M. de Rosas/B,Rosas,-34.573678,-58.487381,0101000020E6100000C139234A7B2F4DC0B6494563ED4D41C0
21704,J. M. DE ROSAS,B,J. M. de Rosas/B,Rosas,-34.573678,-58.487381,0101000020E6100000C139234A7B2F4DC0B6494563ED4D41C0
21711,J. M. DE ROSAS,B,J. M. de Rosas/B,Rosas,-34.573678,-58.487381,0101000020E6100000C139234A7B2F4DC0B6494563ED4D41C0
21712,J. M. DE ROSAS,B,J. M. de Rosas/B,Rosas,-34.573678,-58.487381,0101000020E6100000C139234A7B2F4DC0B6494563ED4D41C0
21713,J. M. DE ROSAS,B,J. M. de Rosas/B,Rosas,-34.573678,-58.487381,0101000020E6100000C139234A7B2F4DC0B6494563ED4D41C0
21714,J. M. DE ROSAS,B,J. M. de Rosas/B,Rosas,-34.573678,-58.487381,0101000020E6100000C139234A7B2F4DC0B6494563ED4D41C0
21715,J. M. DE ROSAS,B,J. M. de Rosas/B,Rosas,-34.573678,-58.487381,0101000020E6100000C139234A7B2F4DC0B6494563ED4D41C0
21716,J. M. DE ROSAS,B,J. M. de Rosas/B,Rosas,-34.573678,-58.487381,0101000020E6100000C139234A7B2F4DC0B6494563ED4D41C0
30101,CONSTITUCION,C,Constitucion/C,Constitucion,-34.627619,-58.381434,0101000020E6100000C139234A7B2F4DC0B6494563ED4D41C0
30102,CONSTITUCION,C,Constitucion/C,Constitucion,-34.627619,-58.381434,0101000020E6100000C139234A7B2F4DC0B6494563ED4D41C0
30103,CONSTITUCION,C,Constitucion/C,Constitucion,-34.627619,-58.381434,0101000020E6100000C139234A7B2F4DC0B6494563ED4D41C0
30104,CONSTITUCION,C,Constitucion/C,Constitucion,-34.627619,-58.381434,0101000020E6100000C139234A7B2F4DC0B6494563ED4D41C0
30105,CONSTITUCION,C,Constitucion/C,Constitucion,-34.627619,-58.381434,0101000020E6100000C139234A7B2F4DC0B6494563ED4D41C0
30106,CONSTITUCION,C,Constitucion/C,Constitucion,-34.627619,-58.381434,0101000020E6100000C139234A7B2F4DC0B6494563ED4D41C0
30107,CONSTITUCION,C,Constitucion/C,Constitucion,-34.627619,-58.381434,0101000020E6100000C139234A7B2F4DC0B6494563ED4D41C0
30108,CONSTITUCION,C,Constitucion/C,Constitucion,-34.627619,-58.381434,0101000020E6100000C139234A7B2F4DC0B6494563ED4D41C0
30109,CONSTITUCION,C,Constitucion/C,Constitucion,-34.627619,-58.381434,0101000020E6100000C139234A7B2F4DC0B6494563ED4D41C0
30110,CONSTITUCION,C,Constitucion/C,Constitucion,-34.627619,-58.381434,0101000020E6100000C139234A7B2F4DC0B6494563ED4D41C0
30111,CONSTITUCION,C,Constitucion/C,Constitucion,-34.627619,-58.381434,0101000020E6100000C139234A7B2F4DC0B6494563ED4D41C0
30112,CONSTITUCION,C,Constitucion/C,Constitucion,-34.627619,-58.381434,0101000020E6100000C139234A7B2F4DC0B6494563ED4D41C0
30113,CONSTITUCION,C,Constitucion/C,Constitucion,-34.627619,-58.381434,0101000020E6100000C139234A7B2F4DC0B6494563ED4D41C0
30114,CONSTITUCION,C,Constitucion/C,Constitucion,-34.627619,-58.381434,0101000020E6100000C139234A7B2F4DC0B6494563ED4D41C0
30115,CONSTITUCION,C,Constitucion/C,Constitucion,-34.627619,-58.381434,0101000020E6100000C139234A7B2F4DC0B6494563ED4D41C0
30116,CONSTITUCION,C,Constitucion/C,Constitucion,-34.627619,-58.381434,0101000020E6100000C139234A7B2F4DC0B6494563ED4D41C0
30117,CONSTITUCION,C,Constitucion/C,Constitucion,-34.627619,-58.381434,0101000020E6100000C139234A7B2F4DC0B6494563ED4D41C0
30118,CONSTITUCION,C,Constitucion/C,Constitucion,-34.627619,-58.381434,0101000020E6100000C139234A7B2F4DC0B6494563ED4D41C0
30119,CONSTITUCION,C,Constitucion/C,Constitucion,-34.627619,-58.381434,0101000020E6100000C139234A7B2F4DC0B6494563ED4D41C0
30120,CONSTITUCION,C,Constitucion/C,Constitucion,-34.627619,-58.381434,0101000020E6100000C139234A7B2F4DC0B6494563ED4D41C0
30121,CONSTITUCION,C,Constitucion/C,Constitucion,-34.627619,-58.381434,0101000020E6100000C139234A7B2F4DC0B6494563ED4D41C0
30122,CONSTITUCION,C,Constitucion/C,Constitucion,-34.627619,-58.381434,0101000020E6100000C139234A7B2F4DC0B6494563ED4D41C0
30123,CONSTITUCION,C,Constitucion/C,Constitucion,-34.627619,-58.381434,0101000020E6100000C139234A7B2F4DC0B6494563ED4D41C0
30124,CONSTITUCION,C,Constitucion/C,Constitucion,-34.627619,-58.381434,0101000020E6100000C139234A7B2F4DC0B6494563ED4D41C0
30125,CONSTITUCION,C,Constitucion/C,Constitucion,-34.627619,-58.381434,0101000020E6100000C139234A7B2F4DC0B6494563ED4D41C0
30126,CONSTITUCION,C,Constitucion/C,Constitucion,-34.627619,-58.381434,0101000020E6100000C139234A7B2F4DC0B6494563ED4D41C0
30127,CONSTITUCION,C,Constitucion/C,Constitucion,-34.627619,-58.381434,0101000020E6100000C139234A7B2F4DC0B6494563ED4D41C0
30128,CONSTITUCION,C,Constitucion/C,Constitucion,-34.627619,-58.381434,0101000020E6100000C139234A7B2F4DC0B6494563ED4D41C0
30129,CONSTITUCION,C,Constitucion/C,Constitucion,-34.627619,-58.381434,0101000020E6100000C139234A7B2F4DC0B6494563ED4D41C0
30130,CONSTITUCION,C,Constitucion/C,Constitucion,-34.627619,-58.381434,0101000020E6100000C139234A7B2F4DC0B6494563ED4D41C0
30131,CONSTITUCION,C,Constitucion/C,Constitucion,-34.627619,-58.381434,0101000020E6100000C139234A7B2F4DC0B6494563ED4D41C0
30132,CONSTITUCION,C,Constitucion/C,Constitucion,-34.627619,-58.381434,0101000020E6100000C139234A7B2F4DC0B6494563ED4D41C0
30201,SAN JUAN,C,San Juan/C,San Juan,-34.621911,-58.379921,0101000020E6100000C139234A7B2F4DC0B6494563ED4D41C0
30202,SAN JUAN,C,San Juan/C,San Juan,-34.621911,-58.379921,0101000020E6100000C139234A7B2F4DC0B6494563ED4D41C0
30203,SAN JUAN,C,San Juan/C,San Juan,-34.621911,-58.379921,0101000020E6100000C139234A7B2F4DC0B6494563ED4D41C0
50611,INDEPENDENCIA,C,Independencia/C,Independencia,-34.618116,-58.38018,0101000020E6100000C139234A7B2F4DC0B6494563ED4D41C0
50612,INDEPENDENCIA,C,Independencia/C,Independencia,-34.618116,-58.38018,0101000020E6100000C139234A7B2F4DC0B6494563ED4D41C0
50613,INDEPENDENCIA,C,Independencia/C,Independencia,-34.618116,-58.38018,0101000020E6100000C139234A7B2F4DC0B6494563ED4D41C0
50614,INDEPENDENCIA,C,Independencia/C,Independencia,-34.618116,-58.38018,0101000020E6100000C139234A7B2F4DC0B6494563ED4D41C0
30401,MORENO,C,Moreno/C,Moreno,-34.612625,-58.380469,0101000020E6100000C139234A7B2F4DC0B6494563ED4D41C0
30402,MORENO,C,Moreno/C,Moreno,-34.612625,-58.380469,0101000020E6100000C139234A7B2F4DC0B6494563ED4D41C0
30403,MORENO,C,Moreno/C,Moreno,-34.612625,-58.380469,0101000020E6100000C139234A7B2F4DC0B6494563ED4D41C0
30411,MORENO,C,Moreno/C,Moreno,-34.612625,-58.380469,0101000020E6100000C139234A7B2F4DC0B6494563ED4D41C0
30412,MORENO,C,Moreno/C,Moreno,-34.612625,-58.380469,0101000020E6100000C139234A7B2F4DC0B6494563ED4D41C0
30413,MORENO,C,Moreno/C,Moreno,-34.612625,-58.380469,0101000020E6100000C139234A7B2F4DC0B6494563ED4D41C0
30501,AV. DE MAYO,C,Av. De Mayo/C,Av.De Mayo,-34.608989,-58.380643,0101000020E6100000C139234A7B2F4DC0B6494563ED4D41C0
30502,AV. DE MAYO,C,Av. De Mayo/C,Av.De Mayo,-34.608989,-58.380643,0101000020E6100000C139234A7B2F4DC0B6494563ED4D41C0
30503,AV. DE MAYO,C,Av. De Mayo/C,Av.De Mayo,-34.608989,-58.380643,0101000020E6100000C139234A7B2F4DC0B6494563ED4D41C0
30511,AV. DE MAYO,C,Av. De Mayo/C,Av.De Mayo,-34.608989,-58.380643,0101000020E6100000C139234A7B2F4DC0B6494563ED4D41C0
30512,AV. DE MAYO,C,Av. De Mayo/C,Av.De Mayo,-34.608989,-58.380643,0101000020E6100000C139234A7B2F4DC0B6494563ED4D41C0
30513,AV. DE MAYO,C,Av. De Mayo/C,Av.De Mayo,-34.608989,-58.380643,0101000020E6100000C139234A7B2F4DC0B6494563ED4D41C0
40231,DIAGONAL NORTE,C,Diagonal Norte/C,Diagonal Norte,-34.604846,-58.37954,0101000020E6100000C139234A7B2F4DC0B6494563ED4D41C0
40232,DIAGONAL NORTE,C,Diagonal Norte/C,Diagonal Norte,-34.604846,-58.37954,0101000020E6100000C139234A7B2F4DC0B6494563ED4D41C0
40241,DIAGONAL NORTE,C,Diagonal Norte/C,Diagonal Norte,-34.604846,-58.37954,0101000020E6100000C139234A7B2F4DC0B6494563ED4D41C0
40242,DIAGONAL NORTE,C,Diagonal Norte/C,Diagonal Norte,-34.604846,-58.37954,0101000020E6100000C139234A7B2F4DC0B6494563ED4D41C0
30701,LAVALLE,C,Lavalle/C,Lavalle,-34.601772,-58.378152,0101000020E6100000C139234A7B2F4DC0B6494563ED4D41C0
30702,LAVALLE,C,Lavalle/C,Lavalle,-34.601772,-58.378152,0101000020E6100000C139234A7B2F4DC0B6494563ED4D41C0
30703,LAVALLE,C,Lavalle/C,Lavalle,-34.601772,-58.378152,0101000020E6100000C139234A7B2F4DC0B6494563ED4D41C0
30711,LAVALLE,C,Lavalle/C,Lavalle,-34.601772,-58.378152,0101000020E6100000C139234A7B2F4DC0B6494563ED4D41C0
30712,LAVALLE,C,Lavalle/C,Lavalle,-34.601772,-58.378152,0101000020E6100000C139234A7B2F4DC0B6494563ED4D41C0
30713,LAVALLE,C,Lavalle/C,Lavalle,-34.601772,-58.378152,0101000020E6100000C139234A7B2F4DC0B6494563ED4D41C0
30801,SAN MARTIN,C,San Martin/C,San Martin,-34.595051,-58.37782,0101000020E6100000C139234A7B2F4DC0B6494563ED4D41C0
30802,SAN MARTIN,C,San Martin/C,San Martin,-34.595051,-58.37782,0101000020E6100000C139234A7B2F4DC0B6494563ED4D41C0
30811,SAN MARTIN,C,San Martin/C,San Martin,-34.595051,-58.37782,0101000020E6100000C139234A7B2F4DC0B6494563ED4D41C0
10101,PLAZA DE MAYO,A,Plaza de Mayo/A,Plaza de Mayo,-34.608807,-58.37095,0101000020E6100000C139234A7B2F4DC0B6494563ED4D41C0
10102,PLAZA DE MAYO,A,Plaza de Mayo/A,Plaza de Mayo,-34.608807,-58.37095,0101000020E6100000C139234A7B2F4DC0B6494563ED4D41C0
10103,PLAZA DE MAYO,A,Plaza de Mayo/A,Plaza de Mayo,-34.608807,-58.37095,0101000020E6100000C139234A7B2F4DC0B6494563ED4D41C0
10104,PLAZA DE MAYO,A,Plaza de Mayo/A,Plaza de Mayo,-34.608807,-58.37095,0101000020E6100000C139234A7B2F4DC0B6494563ED4D41C0
10111,PLAZA DE MAYO,A,Plaza de Mayo/A,Plaza de Mayo,-34.608807,-58.37095,0101000020E6100000C139234A7B2F4DC0B6494563ED4D41C0
10112,PLAZA DE MAYO,A,Plaza de Mayo/A,Plaza de Mayo,-34.608807,-58.37095,0101000020E6100000C139234A7B2F4DC0B6494563ED4D41C0
30812,SAN MARTIN,C,San Martin/C,San Martin,-34.595051,-58.37782,0101000020E6100000C139234A7B2F4DC0B6494563ED4D41C0
30813,SAN MARTIN,C,San Martin/C,San Martin,-34.595051,-58.37782,0101000020E6100000C139234A7B2F4DC0B6494563ED4D41C0
30814,SAN MARTIN,C,San Martin/C,San Martin,-34.595051,-58.37782,0101000020E6100000C139234A7B2F4DC0B6494563ED4D41C0
30901,RETIRO,C,Retiro/C,Retiro,-34.591198,-58.37402,0101000020E6100000C139234A7B2F4DC0B6494563ED4D41C0
30902,RETIRO,C,Retiro/C,Retiro,-34.591198,-58.37402,0101000020E6100000C139234A7B2F4DC0B6494563ED4D41C0
30903,RETIRO,C,Retiro/C,Retiro,-34.591198,-58.37402,0101000020E6100000C139234A7B2F4DC0B6494563ED4D41C0
30904,RETIRO,C,Retiro/C,Retiro,-34.591198,-58.37402,0101000020E6100000C139234A7B2F4DC0B6494563ED4D41C0
30905,RETIRO,C,Retiro/C,Retiro,-34.591198,-58.37402,0101000020E6100000C139234A7B2F4DC0B6494563ED4D41C0
30906,RETIRO,C,Retiro/C,Retiro,-34.591198,-58.37402,0101000020E6100000C139234A7B2F4DC0B6494563ED4D41C0
30907,RETIRO,C,Retiro/C,Retiro,-34.591198,-58.37402,0101000020E6100000C139234A7B2F4DC0B6494563ED4D41C0
30908,RETIRO,C,Retiro/C,Retiro,-34.591198,-58.37402,0101000020E6100000C139234A7B2F4DC0B6494563ED4D41C0
30909,RETIRO,C,Retiro/C,Retiro,-34.591198,-58.37402,0101000020E6100000C139234A7B2F4DC0B6494563ED4D41C0
30910,RETIRO,C,Retiro/C,Retiro,-34.591198,-58.37402,0101000020E6100000C139234A7B2F4DC0B6494563ED4D41C0
30911,RETIRO,C,Retiro/C,Retiro,-34.591198,-58.37402,0101000020E6100000C139234A7B2F4DC0B6494563ED4D41C0
30912,RETIRO,C,Retiro/C,Retiro,-34.591198,-58.37402,0101000020E6100000C139234A7B2F4DC0B6494563ED4D41C0
40101,CATEDRAL,D,Catedral/D,Catedral,-34.607806,-58.373938,0101000020E6100000C139234A7B2F4DC0B6494563ED4D41C0
40102,CATEDRAL,D,Catedral/D,Catedral,-34.607806,-58.373938,0101000020E6100000C139234A7B2F4DC0B6494563ED4D41C0
40103,CATEDRAL,D,Catedral/D,Catedral,-34.607806,-58.373938,0101000020E6100000C139234A7B2F4DC0B6494563ED4D41C0
40104,CATEDRAL,D,Catedral/D,Catedral,-34.607806,-58.373938,0101000020E6100000C139234A7B2F4DC0B6494563ED4D41C0
40105,CATEDRAL,D,Catedral/D,Catedral,-34.607806,-58.373938,0101000020E6100000C139234A7B2F4DC0B6494563ED4D41C0
40109,CATEDRAL,D,Catedral/D,Catedral,-34.607806,-58.373938,0101000020E6100000C139234A7B2F4DC0B6494563ED4D41C0
40111,CATEDRAL,D,Catedral/D,Catedral,-34.607806,-58.373938,0101000020E6100000C139234A7B2F4DC0B6494563ED4D41C0
40112,CATEDRAL,D,Catedral/D,Catedral,-34.607806,-58.373938,0101000020E6100000C139234A7B2F4DC0B6494563ED4D41C0
40113,CATEDRAL,D,Catedral/D,Catedral,-34.607806,-58.373938,0101000020E6100000C139234A7B2F4DC0B6494563ED4D41C0
40114,CATEDRAL,D,Catedral/D,Catedral,-34.607806,-58.373938,0101000020E6100000C139234A7B2F4DC0B6494563ED4D41C0
40115,CATEDRAL,D,Catedral/D,Catedral,-34.607806,-58.373938,0101000020E6100000C139234A7B2F4DC0B6494563ED4D41C0
40116,CATEDRAL,D,Catedral/D,Catedral,-34.607806,-58.373938,0101000020E6100000C139234A7B2F4DC0B6494563ED4D41C0
40117,CATEDRAL,D,Catedral/D,Catedral,-34.607806,-58.373938,0101000020E6100000C139234A7B2F4DC0B6494563ED4D41C0
40118,CATEDRAL,D,Catedral/D,Catedral,-34.607806,-58.373938,0101000020E6100000C139234A7B2F4DC0B6494563ED4D41C0
40201,9 DE JULIO,D,9 de Julio/D,9 de Julio,-34.604251,-58.380577,0101000020E6100000C139234A7B2F4DC0B6494563ED4D41C0
40202,9 DE JULIO,D,9 de Julio/D,9 de Julio,-34.604251,-58.380577,0101000020E6100000C139234A7B2F4DC0B6494563ED4D41C0
40203,9 DE JULIO,D,9 de Julio/D,9 de Julio,-34.604251,-58.380577,0101000020E6100000C139234A7B2F4DC0B6494563ED4D41C0
40211,9 DE JULIO,D,9 de Julio/D,9 de Julio,-34.604251,-58.380577,0101000020E6100000C139234A7B2F4DC0B6494563ED4D41C0
40212,9 DE JULIO,D,9 de Julio/D,9 de Julio,-34.604251,-58.380577,0101000020E6100000C139234A7B2F4DC0B6494563ED4D41C0
40221,9 DE JULIO,D,9 de Julio/D,9 de Julio,-34.604251,-58.380577,0101000020E6100000C139234A7B2F4DC0B6494563ED4D41C0
40222,9 DE JULIO,D,9 de Julio/D,9 de Julio,-34.604251,-58.380577,0101000020E6100000C139234A7B2F4DC0B6494563ED4D41C0
40301,TRIBUNALES,D,Tribunales/D,Tribunales,-34.601567,-58.385118,0101000020E6100000C139234A7B2F4DC0B6494563ED4D41C0
40302,TRIBUNALES,D,Tribunales/D,Tribunales,-34.601567,-58.385118,0101000020E6100000C139234A7B2F4DC0B6494563ED4D41C0
40303,TRIBUNALES,D,Tribunales/D,Tribunales,-34.601567,-58.385118,0101000020E6100000C139234A7B2F4DC0B6494563ED4D41C0
40304,TRIBUNALES,D,Tribunales/D,Tribunales,-34.601567,-58.385118,0101000020E6100000C139234A7B2F4DC0B6494563ED4D41C0
40311,TRIBUNALES,D,Tribunales/D,Tribunales,-34.601567,-58.385118,0101000020E6100000C139234A7B2F4DC0B6494563ED4D41C0
40312,TRIBUNALES,D,Tribunales/D,Tribunales,-34.601567,-58.385118,0101000020E6100000C139234A7B2F4DC0B6494563ED4D41C0
40313,TRIBUNALES,D,Tribunales/D,Tribunales,-34.601567,-58.385118,0101000020E6100000C139234A7B2F4DC0B6494563ED4D41C0
40314,TRIBUNALES,D,Tribunales/D,Tribunales,-34.601567,-58.385118,0101000020E6100000C139234A7B2F4DC0B6494563ED4D41C0
40319,TRIBUNALES,D,Tribunales/D,Tribunales,-34.601567,-58.385118,0101000020E6100000C139234A7B2F4DC0B6494563ED4D41C0
40401,CALLAO,D,Callao/D,Callao,-34.599634,-58.393128,0101000020E6100000C139234A7B2F4DC0B6494563ED4D41C0
40402,CALLAO,D,Callao/D,Callao,-34.599634,-58.393128,0101000020E6100000C139234A7B2F4DC0B6494563ED4D41C0
40409,CALLAO,D,Callao/D,Callao,-34.599634,-58.393128,0101000020E6100000C139234A7B2F4DC0B6494563ED4D41C0
40411,CALLAO,D,Callao/D,Callao,-34.599634,-58.393128,0101000020E6100000C139234A7B2F4DC0B6494563ED4D41C0
40412,CALLAO,D,Callao/D,Callao,-34.599634,-58.393128,0101000020E6100000C139234A7B2F4DC0B6494563ED4D41C0
40421,CALLAO,D,Callao/D,Callao,-34.599634,-58.393128,0101000020E6100000C139234A7B2F4DC0B6494563ED4D41C0
40422,CALLAO,D,Callao/D,Callao,-34.599634,-58.393128,0101000020E6100000C139234A7B2F4DC0B6494563ED4D41C0
40501,FACULTAD DE MEDICINA,D,Facultad de Medicina/D,Facultad,-34.599757,-58.397925,0101000020E6100000C139234A7B2F4DC0B6494563ED4D41C0
40502,FACULTAD DE MEDICINA,D,Facultad de Medicina/D,Facultad,-34.599757,-58.397925,0101000020E6100000C139234A7B2F4DC0B6494563ED4D41C0
40503,FACULTAD DE MEDICINA,D,Facultad de Medicina/D,Facultad,-34.599757,-58.397925,0101000020E6100000C139234A7B2F4DC0B6494563ED4D41C0
40504,FACULTAD DE MEDICINA,D,Facultad de Medicina/D,Facultad,-34.599757,-58.397925,0101000020E6100000C139234A7B2F4DC0B6494563ED4D41C0
40509,FACULTAD DE MEDICINA,D,Facultad de Medicina/D,Facultad,-34.599757,-58.397925,0101000020E6100000C139234A7B2F4DC0B6494563ED4D41C0
40511,FACULTAD DE MEDICINA,D,Facultad de Medicina/D,Facultad,-34.599757,-58.397925,0101000020E6100000C139234A7B2F4DC0B6494563ED4D41C0
40512,FACULTAD DE MEDICINA,D,Facultad de Medicina/D,Facultad,-34.599757,-58.397925,0101000020E6100000C139234A7B2F4DC0B6494563ED4D41C0
40513,FACULTAD DE MEDICINA,D,Facultad de Medicina/D,Facultad,-34.599757,-58.397925,0101000020E6100000C139234A7B2F4DC0B6494563ED4D41C0
40514,FACULTAD DE MEDICINA,D,Facultad de Medicina/D,Facultad,-34.599757,-58.397925,0101000020E6100000C139234A7B2F4DC0B6494563ED4D41C0
40519,FACULTAD DE MEDICINA,D,Facultad de Medicina/D,Facultad,-34.599757,-58.397925,0101000020E6100000C139234A7B2F4DC0B6494563ED4D41C0
40601,PUEYRREDON,D,Pueyrredon/D,Pueyrredón,-34.59439,-58.402489,0101000020E6100000C139234A7B2F4DC0B6494563ED4D41C0
40602,PUEYRREDON,D,Pueyrredon/D,Pueyrredón,-34.59439,-58.402489,0101000020E6100000C139234A7B2F4DC0B6494563ED4D41C0
40603,PUEYRREDON,D,Pueyrredon/D,Pueyrredón,-34.59439,-58.402489,0101000020E6100000C139234A7B2F4DC0B6494563ED4D41C0
40701,AG?ERO,D,Agero/D,Aguero,-34.591623,-58.407127,0101000020E6100000C139234A7B2F4DC0B6494563ED4D41C0
40702,AG?ERO,D,Agero/D,Aguero,-34.591623,-58.407127,0101000020E6100000C139234A7B2F4DC0B6494563ED4D41C0
40703,AG?ERO,D,Agero/D,Aguero,-34.591623,-58.407127,0101000020E6100000C139234A7B2F4DC0B6494563ED4D41C0
40704,AG?ERO,D,Agero/D,Aguero,-34.591623,-58.407127,0101000020E6100000C139234A7B2F4DC0B6494563ED4D41C0
40801,BULNES,D,Bulnes/D,Bulnes,-34.588247,-58.411309,0101000020E6100000C139234A7B2F4DC0B6494563ED4D41C0
40802,BULNES,D,Bulnes/D,Bulnes,-34.588247,-58.411309,0101000020E6100000C139234A7B2F4DC0B6494563ED4D41C0
40811,BULNES,D,Bulnes/D,Bulnes,-34.588247,-58.411309,0101000020E6100000C139234A7B2F4DC0B6494563ED4D41C0
40812,BULNES,D,Bulnes/D,Bulnes,-34.588247,-58.411309,0101000020E6100000C139234A7B2F4DC0B6494563ED4D41C0
40813,BULNES,D,Bulnes/D,Bulnes,-34.588247,-58.411309,0101000020E6100000C139234A7B2F4DC0B6494563ED4D41C0
40814,BULNES,D,Bulnes/D,Bulnes,-34.588247,-58.411309,0101000020E6100000C139234A7B2F4DC0B6494563ED4D41C0
40901,R.SCALABRINI ORTIZ,D,R.Scalabrini Ortiz/D,Scalabrini Ortiz,-34.585147,-58.415944,0101000020E6100000C139234A7B2F4DC0B6494563ED4D41C0
40902,R.SCALABRINI ORTIZ,D,R.Scalabrini Ortiz/D,Scalabrini Ortiz,-34.585147,-58.415944,0101000020E6100000C139234A7B2F4DC0B6494563ED4D41C0
40911,R.SCALABRINI ORTIZ,D,R.Scalabrini Ortiz/D,Scalabrini Ortiz,-34.585147,-58.415944,0101000020E6100000C139234A7B2F4DC0B6494563ED4D41C0
40912,R.SCALABRINI ORTIZ,D,R.Scalabrini Ortiz/D,Scalabrini Ortiz,-34.585147,-58.415944,0101000020E6100000C139234A7B2F4DC0B6494563ED4D41C0
40913,R.SCALABRINI ORTIZ,D,R.Scalabrini Ortiz/D,Scalabrini Ortiz,-34.585147,-58.415944,0101000020E6100000C139234A7B2F4DC0B6494563ED4D41C0
41001,PLAZA ITALIA,D,Plaza Italia/D,Plaza Italia,-34.581415,-58.421201,0101000020E6100000C139234A7B2F4DC0B6494563ED4D41C0
41002,PLAZA ITALIA,D,Plaza Italia/D,Plaza Italia,-34.581415,-58.421201,0101000020E6100000C139234A7B2F4DC0B6494563ED4D41C0
41011,PLAZA ITALIA,D,Plaza Italia/D,Plaza Italia,-34.581415,-58.421201,0101000020E6100000C139234A7B2F4DC0B6494563ED4D41C0
41012,PLAZA ITALIA,D,Plaza Italia/D,Plaza Italia,-34.581415,-58.421201,0101000020E6100000C139234A7B2F4DC0B6494563ED4D41C0
41013,PLAZA ITALIA,D,Plaza Italia/D,Plaza Italia,-34.581415,-58.421201,0101000020E6100000C139234A7B2F4DC0B6494563ED4D41C0
41101,PALERMO,D,Palermo/D,Palermo,-34.578414,-58.425716,0101000020E6100000C139234A7B2F4DC0B6494563ED4D41C0
41102,PALERMO,D,Palermo/D,Palermo,-34.578414,-58.425716,0101000020E6100000C139234A7B2F4DC0B6494563ED4D41C0
41103,PALERMO,D,Palermo/D,Palermo,-34.578414,-58.425716,0101000020E6100000C139234A7B2F4DC0B6494563ED4D41C0
41104,PALERMO,D,Palermo/D,Palermo,-34.578414,-58.425716,0101000020E6100000C139234A7B2F4DC0B6494563ED4D41C0
41105,PALERMO,D,Palermo/D,Palermo,-34.578414,-58.425716,0101000020E6100000C139234A7B2F4DC0B6494563ED4D41C0
41106,PALERMO,D,Palermo/D,Palermo,-34.578414,-58.425716,0101000020E6100000C139234A7B2F4DC0B6494563ED4D41C0
41201,MINISTRO CARRANZA,D,Ministro Carranza/D,Carranza,-34.575179,-58.435014,0101000020E6100000C139234A7B2F4DC0B6494563ED4D41C0
41202,MINISTRO CARRANZA,D,Ministro Carranza/D,Carranza,-34.575179,-58.435014,0101000020E6100000C139234A7B2F4DC0B6494563ED4D41C0
41203,MINISTRO CARRANZA,D,Ministro Carranza/D,Carranza,-34.575179,-58.435014,0101000020E6100000C139234A7B2F4DC0B6494563ED4D41C0
41204,MINISTRO CARRANZA,D,Ministro Carranza/D,Carranza,-34.575179,-58.435014,0101000020E6100000C139234A7B2F4DC0B6494563ED4D41C0
41205,MINISTRO CARRANZA,D,Ministro Carranza/D,Carranza,-34.575179,-58.435014,0101000020E6100000C139234A7B2F4DC0B6494563ED4D41C0
41206,MINISTRO CARRANZA,D,Ministro Carranza/D,Carranza,-34.575179,-58.435014,0101000020E6100000C139234A7B2F4DC0B6494563ED4D41C0
41301,OLLEROS,D,Olleros/D,Olleros,-34.570012,-58.444668,0101000020E6100000C139234A7B2F4DC0B6494563ED4D41C0
41302,OLLEROS,D,Olleros/D,Olleros,-34.570012,-58.444668,0101000020E6100000C139234A7B2F4DC0B6494563ED4D41C0
41303,OLLEROS,D,Olleros/D,Olleros,-34.570012,-58.444668,0101000020E6100000C139234A7B2F4DC0B6494563ED4D41C0
41304,OLLEROS,D,Olleros/D,Olleros,-34.570012,-58.444668,0101000020E6100000C139234A7B2F4DC0B6494563ED4D41C0
41311,OLLEROS,D,Olleros/D,Olleros,-34.570012,-58.444668,0101000020E6100000C139234A7B2F4DC0B6494563ED4D41C0
41312,OLLEROS,D,Olleros/D,Olleros,-34.570012,-58.444668,0101000020E6100000C139234A7B2F4DC0B6494563ED4D41C0
41313,OLLEROS,D,Olleros/D,Olleros,-34.570012,-58.444668,0101000020E6100000C139234A7B2F4DC0B6494563ED4D41C0
41314,OLLEROS,D,Olleros/D,Olleros,-34.570012,-58.444668,0101000020E6100000C139234A7B2F4DC0B6494563ED4D41C0
41401,JOSE HERNANDEZ,D,Jose Hernandez/D,José Hernández,-34.566215,-58.452126,0101000020E6100000C139234A7B2F4DC0B6494563ED4D41C0
41402,JOSE HERNANDEZ,D,Jose Hernandez/D,José Hernández,-34.566215,-58.452126,0101000020E6100000C139234A7B2F4DC0B6494563ED4D41C0
41403,JOSE HERNANDEZ,D,Jose Hernandez/D,José Hernández,-34.566215,-58.452126,0101000020E6100000C139234A7B2F4DC0B6494563ED4D41C0
41404,JOSE HERNANDEZ,D,Jose Hernandez/D,José Hernández,-34.566215,-58.452126,0101000020E6100000C139234A7B2F4DC0B6494563ED4D41C0
41411,JOSE HERNANDEZ,D,Jose Hernandez/D,José Hernández,-34.566215,-58.452126,0101000020E6100000C139234A7B2F4DC0B6494563ED4D41C0
41412,JOSE HERNANDEZ,D,Jose Hernandez/D,José Hernández,-34.566215,-58.452126,0101000020E6100000C139234A7B2F4DC0B6494563ED4D41C0
41413,JOSE HERNANDEZ,D,Jose Hernandez/D,José Hernández,-34.566215,-58.452126,0101000020E6100000C139234A7B2F4DC0B6494563ED4D41C0
41414,JOSE HERNANDEZ,D,Jose Hernandez/D,José Hernández,-34.566215,-58.452126,0101000020E6100000C139234A7B2F4DC0B6494563ED4D41C0
41501,JURAMENTO,D,Juramento/D,Juramento,-34.562309,-58.456489,0101000020E6100000C139234A7B2F4DC0B6494563ED4D41C0
41502,JURAMENTO,D,Juramento/D,Juramento,-34.562309,-58.456489,0101000020E6100000C139234A7B2F4DC0B6494563ED4D41C0
41503,JURAMENTO,D,Juramento/D,Juramento,-34.562309,-58.456489,0101000020E6100000C139234A7B2F4DC0B6494563ED4D41C0
41511,JURAMENTO,D,Juramento/D,Juramento,-34.562309,-58.456489,0101000020E6100000C139234A7B2F4DC0B6494563ED4D41C0
41512,JURAMENTO,D,Juramento/D,Juramento,-34.562309,-58.456489,0101000020E6100000C139234A7B2F4DC0B6494563ED4D41C0
41513,JURAMENTO,D,Juramento/D,Juramento,-34.562309,-58.456489,0101000020E6100000C139234A7B2F4DC0B6494563ED4D41C0
41514,JURAMENTO,D,Juramento/D,Juramento,-34.562309,-58.456489,0101000020E6100000C139234A7B2F4DC0B6494563ED4D41C0
41601,CONGRESO DE TUCUMAN,D,Congreso de Tucuman/D,Congreso Tucumán,-34.555642,-58.462378,0101000020E6100000C139234A7B2F4DC0B6494563ED4D41C0
41602,CONGRESO DE TUCUMAN,D,Congreso de Tucuman/D,Congreso Tucumán,-34.555642,-58.462378,0101000020E6100000C139234A7B2F4DC0B6494563ED4D41C0
41603,CONGRESO DE TUCUMAN,D,Congreso de Tucuman/D,Congreso Tucumán,-34.555642,-58.462378,0101000020E6100000C139234A7B2F4DC0B6494563ED4D41C0
41604,CONGRESO DE TUCUMAN,D,Congreso de Tucuman/D,Congreso Tucumán,-34.555642,-58.462378,0101000020E6100000C139234A7B2F4DC0B6494563ED4D41C0
41611,CONGRESO DE TUCUMAN,D,Congreso de Tucuman/D,Congreso Tucumán,-34.555642,-58.462378,0101000020E6100000C139234A7B2F4DC0B6494563ED4D41C0
41612,CONGRESO DE TUCUMAN,D,Congreso de Tucuman/D,Congreso Tucumán,-34.555642,-58.462378,0101000020E6100000C139234A7B2F4DC0B6494563ED4D41C0
41621,CONGRESO DE TUCUMAN,D,Congreso de Tucuman/D,Congreso Tucumán,-34.555642,-58.462378,0101000020E6100000C139234A7B2F4DC0B6494563ED4D41C0
41622,CONGRESO DE TUCUMAN,D,Congreso de Tucuman/D,Congreso Tucumán,-34.555642,-58.462378,0101000020E6100000C139234A7B2F4DC0B6494563ED4D41C0
41623,CONGRESO DE TUCUMAN,D,Congreso de Tucuman/D,Congreso Tucumán,-34.555642,-58.462378,0101000020E6100000C139234A7B2F4DC0B6494563ED4D41C0
41624,CONGRESO DE TUCUMAN,D,Congreso de Tucuman/D,Congreso Tucumán,-34.555642,-58.462378,0101000020E6100000C139234A7B2F4DC0B6494563ED4D41C0
41625,CONGRESO DE TUCUMAN,D,Congreso de Tucuman/D,Congreso Tucumán,-34.555642,-58.462378,0101000020E6100000C139234A7B2F4DC0B6494563ED4D41C0
41626,CONGRESO DE TUCUMAN,D,Congreso de Tucuman/D,Congreso Tucumán,-34.555642,-58.462378,0101000020E6100000C139234A7B2F4DC0B6494563ED4D41C0
41627,CONGRESO DE TUCUMAN,D,Congreso de Tucuman/D,Congreso Tucumán,-34.555642,-58.462378,0101000020E6100000C139234A7B2F4DC0B6494563ED4D41C0
41628,CONGRESO DE TUCUMAN,D,Congreso de Tucuman/D,Congreso Tucumán,-34.555642,-58.462378,0101000020E6100000C139234A7B2F4DC0B6494563ED4D41C0
41631,CONGRESO DE TUCUMAN,D,Congreso de Tucuman/D,Congreso Tucumán,-34.555642,-58.462378,0101000020E6100000C139234A7B2F4DC0B6494563ED4D41C0
41632,CONGRESO DE TUCUMAN,D,Congreso de Tucuman/D,Congreso Tucumán,-34.555642,-58.462378,0101000020E6100000C139234A7B2F4DC0B6494563ED4D41C0
41633,CONGRESO DE TUCUMAN,D,Congreso de Tucuman/D,Congreso Tucumán,-34.555642,-58.462378,0101000020E6100000C139234A7B2F4DC0B6494563ED4D41C0
50401,BOLIVAR,E,Bolivar/E,Bolivar,-34.609252,-58.373708,0101000020E6100000C139234A7B2F4DC0B6494563ED4D41C0
50402,BOLIVAR,E,Bolivar/E,Bolivar,-34.609252,-58.373708,0101000020E6100000C139234A7B2F4DC0B6494563ED4D41C0
50403,BOLIVAR,E,Bolivar/E,Bolivar,-34.609252,-58.373708,0101000020E6100000C139234A7B2F4DC0B6494563ED4D41C0
50404,BOLIVAR,E,Bolivar/E,Bolivar,-34.609252,-58.373708,0101000020E6100000C139234A7B2F4DC0B6494563ED4D41C0
50405,BOLIVAR,E,Bolivar/E,Bolivar,-34.609252,-58.373708,0101000020E6100000C139234A7B2F4DC0B6494563ED4D41C0
50406,BOLIVAR,E,Bolivar/E,Bolivar,-34.609252,-58.373708,0101000020E6100000C139234A7B2F4DC0B6494563ED4D41C0
50407,BOLIVAR,E,Bolivar/E,Bolivar,-34.609252,-58.373708,0101000020E6100000C139234A7B2F4DC0B6494563ED4D41C0
50408,BOLIVAR,E,Bolivar/E,Bolivar,-34.609252,-58.373708,0101000020E6100000C139234A7B2F4DC0B6494563ED4D41C0
50501,BELGRANO,E,Belgrano/E,Belgrano,-34.612842,-58.377589,0101000020E6100000C139234A7B2F4DC0B6494563ED4D41C0
50502,BELGRANO,E,Belgrano/E,Belgrano,-34.612842,-58.377589,0101000020E6100000C139234A7B2F4DC0B6494563ED4D41C0
50601,INDEPENDENCIA,E,Independencia/E,Independencia,-34.617937,-58.381517,0101000020E6100000C139234A7B2F4DC0B6494563ED4D41C0
50602,INDEPENDENCIA,E,Independencia/E,Independencia,-34.617937,-58.381517,0101000020E6100000C139234A7B2F4DC0B6494563ED4D41C0
50603,INDEPENDENCIA,E,Independencia/E,Independencia,-34.617937,-58.381517,0101000020E6100000C139234A7B2F4DC0B6494563ED4D41C0
50604,INDEPENDENCIA,E,Independencia/E,Independencia,-34.617937,-58.381517,0101000020E6100000C139234A7B2F4DC0B6494563ED4D41C0
50701,SAN JOSE,E,San Jose/E,San Jose,-34.622346,-58.38517,0101000020E6100000C139234A7B2F4DC0B6494563ED4D41C0
50702,SAN JOSE,E,San Jose/E,San Jose,-34.622346,-58.38517,0101000020E6100000C139234A7B2F4DC0B6494563ED4D41C0
50801,ENTRE RIOS,E,Entre Rios/E,Entre Ríos,-34.622713,-58.391508,0101000020E6100000C139234A7B2F4DC0B6494563ED4D41C0
50802,ENTRE RIOS,E,Entre Rios/E,Entre Ríos,-34.622713,-58.391508,0101000020E6100000C139234A7B2F4DC0B6494563ED4D41C0
50803,ENTRE RIOS,E,Entre Rios/E,Entre Ríos,-34.622713,-58.391508,0101000020E6100000C139234A7B2F4DC0B6494563ED4D41C0
50901,PICHINCHA,E,Pichincha/E,Pichincha,-34.623119,-58.397083,0101000020E6100000C139234A7B2F4DC0B6494563ED4D41C0
50902,PICHINCHA,E,Pichincha/E,Pichincha,-34.623119,-58.397083,0101000020E6100000C139234A7B2F4DC0B6494563ED4D41C0
50903,PICHINCHA,E,Pichincha/E,Pichincha,-34.623119,-58.397083,0101000020E6100000C139234A7B2F4DC0B6494563ED4D41C0
51001,JUJUY,E,Jujuy/E,Jujuy,-34.623874,-58.40295,0101000020E6100000C139234A7B2F4DC0B6494563ED4D41C0
51002,JUJUY,E,Jujuy/E,Jujuy,-34.623874,-58.40295,0101000020E6100000C139234A7B2F4DC0B6494563ED4D41C0
51003,JUJUY,E,Jujuy/E,Jujuy,-34.623874,-58.40295,0101000020E6100000C139234A7B2F4DC0B6494563ED4D41C0
51101,URQUIZA,E,Urquiza/E,Urquiza,-34.624656,-58.409418,0101000020E6100000C139234A7B2F4DC0B6494563ED4D41C0
51102,URQUIZA,E,Urquiza/E,Urquiza,-34.624656,-58.409418,0101000020E6100000C139234A7B2F4DC0B6494563ED4D41C0
51103,URQUIZA,E,Urquiza/E,Urquiza,-34.624656,-58.409418,0101000020E6100000C139234A7B2F4DC0B6494563ED4D41C0
51201,BOEDO,E,Boedo/E,Boedo,-34.625369,-58.415545,0101000020E6100000C139234A7B2F4DC0B6494563ED4D41C0
51202,BOEDO,E,Boedo/E,Boedo,-34.625369,-58.415545,0101000020E6100000C139234A7B2F4DC0B6494563ED4D41C0
71215,SANTA FE,H,Santa FE/H,Santa FE,-34.5948476,-58.404659,0101000020E6100000C139234A7B2F4DC0B6494563ED4D41C0
51203,BOEDO,E,Boedo/E,Boedo,-34.625369,-58.415545,0101000020E6100000C139234A7B2F4DC0B6494563ED4D41C0
51301,AV. LA PLATA,E,AV. La plata/E,La Plata,-34.627015,-58.426792,0101000020E6100000C139234A7B2F4DC0B6494563ED4D41C0
51302,AV. LA PLATA,E,AV. La plata/E,La Plata,-34.627015,-58.426792,0101000020E6100000C139234A7B2F4DC0B6494563ED4D41C0
51303,AV. LA PLATA,E,AV. La plata/E,La Plata,-34.627015,-58.426792,0101000020E6100000C139234A7B2F4DC0B6494563ED4D41C0
51401,JOSE MARIA MORENO,E,Jose Maria Moreno/E,J.M.Moreno,-34.628009,-58.433798,0101000020E6100000C139234A7B2F4DC0B6494563ED4D41C0
51402,JOSE MARIA MORENO,E,Jose Maria Moreno/E,J.M.Moreno,-34.628009,-58.433798,0101000020E6100000C139234A7B2F4DC0B6494563ED4D41C0
51501,EMILIO MITRE,E,Emilio Mitre/E,Mitre,-34.631047,-58.442168,0101000020E6100000C139234A7B2F4DC0B6494563ED4D41C0
51502,EMILIO MITRE,E,Emilio Mitre/E,Mitre,-34.631047,-58.442168,0101000020E6100000C139234A7B2F4DC0B6494563ED4D41C0
51601,MEDALLA MILAGROSA,E,Medalla Milagrosa/E,Medalla,-34.636383,-58.450295,0101000020E6100000C139234A7B2F4DC0B6494563ED4D41C0
51602,MEDALLA MILAGROSA,E,Medalla Milagrosa/E,Medalla,-34.636383,-58.450295,0101000020E6100000C139234A7B2F4DC0B6494563ED4D41C0
51603,MEDALLA MILAGROSA,E,Medalla Milagrosa/E,Medalla,-34.636383,-58.450295,0101000020E6100000C139234A7B2F4DC0B6494563ED4D41C0
51701,VARELA,E,Varela/E,Varela,-34.64014,-58.457894,0101000020E6100000C139234A7B2F4DC0B6494563ED4D41C0
51702,VARELA,E,Varela/E,Varela,-34.64014,-58.457894,0101000020E6100000C139234A7B2F4DC0B6494563ED4D41C0
51801,PLAZA DE LOS VIRREYES,E,Plaza de los Virreyes/E,Virreyes,-34.643324,-58.46167,0101000020E6100000C139234A7B2F4DC0B6494563ED4D41C0
51802,PLAZA DE LOS VIRREYES,E,Plaza de los Virreyes/E,Virreyes,-34.643324,-58.46167,0101000020E6100000C139234A7B2F4DC0B6494563ED4D41C0
51803,PLAZA DE LOS VIRREYES,E,Plaza de los Virreyes/E,Virreyes,-34.643324,-58.46167,0101000020E6100000C139234A7B2F4DC0B6494563ED4D41C0
51804,PLAZA DE LOS VIRREYES,E,Plaza de los Virreyes/E,Virreyes,-34.643324,-58.46167,0101000020E6100000C139234A7B2F4DC0B6494563ED4D41C0
51811,PLAZA DE LOS VIRREYES,E,Plaza de los Virreyes/E,Virreyes,-34.643324,-58.46167,0101000020E6100000C139234A7B2F4DC0B6494563ED4D41C0
51812,PLAZA DE LOS VIRREYES,E,Plaza de los Virreyes/E,Virreyes,-34.643324,-58.46167,0101000020E6100000C139234A7B2F4DC0B6494563ED4D41C0
51813,PLAZA DE LOS VIRREYES,E,Plaza de los Virreyes/E,Virreyes,-34.643324,-58.46167,0101000020E6100000C139234A7B2F4DC0B6494563ED4D41C0
51814,PLAZA DE LOS VIRREYES,E,Plaza de los Virreyes/E,Virreyes,-34.643324,-58.46167,0101000020E6100000C139234A7B2F4DC0B6494563ED4D41C0
51821,PLAZA DE LOS VIRREYES,E,Plaza de los Virreyes/E,Virreyes,-34.643324,-58.46167,0101000020E6100000C139234A7B2F4DC0B6494563ED4D41C0
51822,PLAZA DE LOS VIRREYES,E,Plaza de los Virreyes/E,Virreyes,-34.643324,-58.46167,0101000020E6100000C139234A7B2F4DC0B6494563ED4D41C0
51823,PLAZA DE LOS VIRREYES,E,Plaza de los Virreyes/E,Virreyes,-34.643324,-58.46167,0101000020E6100000C139234A7B2F4DC0B6494563ED4D41C0
51831,PLAZA DE LOS VIRREYES,E,Plaza de los Virreyes/E,Virreyes,-34.643324,-58.46167,0101000020E6100000C139234A7B2F4DC0B6494563ED4D41C0
51832,PLAZA DE LOS VIRREYES,E,Plaza de los Virreyes/E,Virreyes,-34.643324,-58.46167,0101000020E6100000C139234A7B2F4DC0B6494563ED4D41C0
51833,PLAZA DE LOS VIRREYES,E,Plaza de los Virreyes/E,Virreyes,-34.643324,-58.46167,0101000020E6100000C139234A7B2F4DC0B6494563ED4D41C0
70301,HOSPITALES,H,Hospitales/H,Hospitales,-34.641396,-58.412643,0101000020E6100000C139234A7B2F4DC0B6494563ED4D41C0
70302,HOSPITALES,H,Hospitales/H,Hospitales,-34.641396,-58.412643,0101000020E6100000C139234A7B2F4DC0B6494563ED4D41C0
70311,HOSPITALES,H,Hospitales/H,Hospitales,-34.641396,-58.412643,0101000020E6100000C139234A7B2F4DC0B6494563ED4D41C0
70312,HOSPITALES,H,Hospitales/H,Hospitales,-34.641396,-58.412643,0101000020E6100000C139234A7B2F4DC0B6494563ED4D41C0
70401,PARQUE PATRICIOS,H,Parque Patricios/H,Parque Patricios,-34.637391,-58.406672,0101000020E6100000C139234A7B2F4DC0B6494563ED4D41C0
70402,PARQUE PATRICIOS,H,Parque Patricios/H,Parque Patricios,-34.637391,-58.406672,0101000020E6100000C139234A7B2F4DC0B6494563ED4D41C0
70403,PARQUE PATRICIOS,H,Parque Patricios/H,Parque Patricios,-34.637391,-58.406672,0101000020E6100000C139234A7B2F4DC0B6494563ED4D41C0
70404,PARQUE PATRICIOS,H,Parque Patricios/H,Parque Patricios,-34.637391,-58.406672,0101000020E6100000C139234A7B2F4DC0B6494563ED4D41C0
70501,CASEROS,H,Caseros/H,Caseros,-34.635931,-58.398892,0101000020E6100000C139234A7B2F4DC0B6494563ED4D41C0
70502,CASEROS,H,Caseros/H,Caseros,-34.635931,-58.398892,0101000020E6100000C139234A7B2F4DC0B6494563ED4D41C0
70511,CASEROS,H,Caseros/H,Caseros,-34.635931,-58.398892,0101000020E6100000C139234A7B2F4DC0B6494563ED4D41C0
70512,CASEROS,H,Caseros/H,Caseros,-34.635931,-58.398892,0101000020E6100000C139234A7B2F4DC0B6494563ED4D41C0
70601,INCLAN,H,inclan/H,Inclán,-34.629117,-58.401009,0101000020E6100000C139234A7B2F4DC0B6494563ED4D41C0
70602,INCLAN,H,inclan/H,Inclán,-34.629117,-58.401009,0101000020E6100000C139234A7B2F4DC0B6494563ED4D41C0
70611,INCLAN,H,inclan/H,Inclán,-34.629117,-58.401009,0101000020E6100000C139234A7B2F4DC0B6494563ED4D41C0
70612,INCLAN,H,inclan/H,Inclán,-34.629117,-58.401009,0101000020E6100000C139234A7B2F4DC0B6494563ED4D41C0
70701,HUMBERTO 1,H,Humberto 1/H,Humberto I,-34.623225,-58.402303,0101000020E6100000C139234A7B2F4DC0B6494563ED4D41C0
70702,HUMBERTO 1,H,Humberto 1/H,Humberto I,-34.623225,-58.402303,0101000020E6100000C139234A7B2F4DC0B6494563ED4D41C0
70711,HUMBERTO 1,H,Humberto 1/H,Humberto I,-34.623225,-58.402303,0101000020E6100000C139234A7B2F4DC0B6494563ED4D41C0
70712,HUMBERTO 1,H,Humberto 1/H,Humberto I,-34.623225,-58.402303,0101000020E6100000C139234A7B2F4DC0B6494563ED4D41C0
70812,VENEZUELA,H,Venezuela/H,Venezuela,-34.615092,-58.404776,0101000020E6100000C139234A7B2F4DC0B6494563ED4D41C0
70901,PLAZA ONCE,H,Plaza Once/H,Once,-34.608857,-58.406044,0101000020E6100000C139234A7B2F4DC0B6494563ED4D41C0
70902,PLAZA ONCE,H,Plaza Once/H,Once,-34.608857,-58.406044,0101000020E6100000C139234A7B2F4DC0B6494563ED4D41C0
70903,PLAZA ONCE,H,Plaza Once/H,Once,-34.608857,-58.406044,0101000020E6100000C139234A7B2F4DC0B6494563ED4D41C0
70904,PLAZA ONCE,H,Plaza Once/H,Once,-34.608857,-58.406044,0101000020E6100000C139234A7B2F4DC0B6494563ED4D41C0
70911,PLAZA ONCE,H,Plaza Once/H,Once,-34.608857,-58.406044,0101000020E6100000C139234A7B2F4DC0B6494563ED4D41C0
70912,PLAZA ONCE,H,Plaza Once/H,Once,-34.608857,-58.406044,0101000020E6100000C139234A7B2F4DC0B6494563ED4D41C0
70913,PLAZA ONCE,H,Plaza Once/H,Once,-34.608857,-58.406044,0101000020E6100000C139234A7B2F4DC0B6494563ED4D41C0
70914,PLAZA ONCE,H,Plaza Once/H,Once,-34.608857,-58.406044,0101000020E6100000C139234A7B2F4DC0B6494563ED4D41C0
71001,CORRIENTES,H,Corrientes/H,Corrientes,-34.604554,-58.405508,0101000020E6100000C139234A7B2F4DC0B6494563ED4D41C0
71002,CORRIENTES,H,Corrientes/H,Corrientes,-34.604554,-58.405508,0101000020E6100000C139234A7B2F4DC0B6494563ED4D41C0
71003,CORRIENTES,H,Corrientes/H,Corrientes,-34.604554,-58.405508,0101000020E6100000C139234A7B2F4DC0B6494563ED4D41C0
71004,CORRIENTES,H,Corrientes/H,Corrientes,-34.604554,-58.405508,0101000020E6100000C139234A7B2F4DC0B6494563ED4D41C0
71011,CORRIENTES,H,Corrientes/H,Corrientes,-34.604554,-58.405508,0101000020E6100000C139234A7B2F4DC0B6494563ED4D41C0
71012,CORRIENTES,H,Corrientes/H,Corrientes,-34.604554,-58.405508,0101000020E6100000C139234A7B2F4DC0B6494563ED4D41C0
71013,CORRIENTES,H,Corrientes/H,Corrientes,-34.604554,-58.405508,0101000020E6100000C139234A7B2F4DC0B6494563ED4D41C0
71101,CORDOBA,H,Cordoba/H,Cordoba,-34.598231,-58.403514,0101000020E6100000C139234A7B2F4DC0B6494563ED4D41C0
71102,CORDOBA,H,Cordoba/H,Cordoba,-34.598231,-58.403514,0101000020E6100000C139234A7B2F4DC0B6494563ED4D41C0
71103,CORDOBA,H,Cordoba/H,Cordoba,-34.598231,-58.403514,0101000020E6100000C139234A7B2F4DC0B6494563ED4D41C0
71104,CORDOBA,H,Cordoba/H,Cordoba,-34.598231,-58.403514,0101000020E6100000C139234A7B2F4DC0B6494563ED4D41C0
71301,LAS HERAS,H,Las Heras/H,Las Heras,-34.587293,-58.396906,0101000020E6100000C139234A7B2F4DC0B6494563ED4D41C0
71302,LAS HERAS,H,Las Heras/H,Las Heras,-34.587293,-58.396906,0101000020E6100000C139234A7B2F4DC0B6494563ED4D41C0
71303,LAS HERAS,H,Las Heras/H,Las Heras,-34.587293,-58.396906,0101000020E6100000C139234A7B2F4DC0B6494563ED4D41C0
71304,LAS HERAS,H,Las Heras/H,Las Heras,-34.587293,-58.396906,0101000020E6100000C139234A7B2F4DC0B6494563ED4D41C0
71211,SANTA FE,H,Santa FE/H,Santa FE,-34.5948476,-58.404659,0101000020E6100000C139234A7B2F4DC0B6494563ED4D41C0
71212,SANTA FE,H,Santa FE/H,Santa FE,-34.5948476,-58.404659,0101000020E6100000C139234A7B2F4DC0B6494563ED4D41C0
71213,SANTA FE,H,Santa FE/H,Santa FE,-34.5948476,-58.404659,0101000020E6100000C139234A7B2F4DC0B6494563ED4D41C0
71214,SANTA FE,H,Santa FE/H,Santa FE,-34.5948476,-58.404659,0101000020E6100000C139234A7B2F4DC0B6494563ED4D41C0
71221,SANTA FE,H,Santa FE/H,Santa FE,-34.5948476,-58.404659,0101000020E6100000C139234A7B2F4DC0B6494563ED4D41C0
71222,SANTA FE,H,Santa FE/H,Santa FE,-34.5948476,-58.404659,0101000020E6100000C139234A7B2F4DC0B6494563ED4D41C0
71223,SANTA FE,H,Santa FE/H,Santa FE,-34.5948476,-58.404659,0101000020E6100000C139234A7B2F4DC0B6494563ED4D41C0
71224,SANTA FE,H,Santa FE/H,Santa FE,-34.5948476,-58.404659,0101000020E6100000C139234A7B2F4DC0B6494563ED4D41C0
71201,SANTA FE,H,Santa FE/H,Santa FE,-34.5948476,-58.404659,0101000020E6100000C139234A7B2F4DC0B6494563ED4D41C0
71202,SANTA FE,H,Santa FE/H,Santa FE,-34.5948476,-58.404659,0101000020E6100000C139234A7B2F4DC0B6494563ED4D41C0
71203,SANTA FE,H,Santa FE/H,Santa FE,-34.5948476,-58.404659,0101000020E6100000C139234A7B2F4DC0B6494563ED4D41C0
71204,SANTA FE,H,Santa FE/H,Santa FE,-34.5948476,-58.404659,0101000020E6100000C139234A7B2F4DC0B6494563ED4D41C0